game,date,gosia,mati,raf,mama,darek,dusza,monia,janek,mama_janka,tata_janka,zosia,mama_gosi,tomek,milena,tata_mileny,mama_mileny,zapas,zapas.1,zapas.2
pociagi,2022-12-25,104.0,109.0,123.0,111.0,74.0,,,,,,,,,,,,,,
aquatica,2022-12-25,27.0,73.0,46.0,,,,,,,,,,,,,,,,
aquatica,2022-12-26,,42.0,59.0,31.0,25.0,,,,,,,,,,,,,,
aquatica,2022-12-26,,54.0,61.0,41.0,31.0,,,,,,,,,,,,,,
brass,2022-12-27,,,111.0,,,,,113.0,76.0,93.0,76.0,,,,,,,,
brass,2022-12-31,,,,,,,,80.0,72.0,50.0,73.0,,,,,,,,
brass,2023-01-02,,,,,,,,147.0,108.0,,102.0,,,107.0,,,,,
brass,2023-01-03,,,,,,,,98.0,115.0,98.0,,,,127.0,,,,,
brass,2023-01-04,,,,,,,,111.0,106.0,93.0,96.0,,,,,,,,
arnak,2023-01-07,61.0,60.0,63.0,,,,,,,,,,,,,,,,
aquatica,2023-01-07,72.0,85.0,70.0,,,,,,,,,,,,,,,,
brass,2023-01-07,134.0,93.0,118.0,,,,,,,,,,,,,,,,
brass,2023-01-08,,,,,,,10.0,,,,,,,,,,,,
